energy_centers,transmission_bigaperture_15um,effectivearea_bigaperture_15um,effectivearea_smallaperture_50um,transmission_smallaperture_50um,energy_widths
0.8187500238418579,0.04929285825843889,0.0004929285715665765,9.066108751755794e-09,4.533054490392485e-05,0.03750002384185791
0.8562500476837158,0.07170271217358104,0.0007170271057090053,3.199772589181634e-08,0.00015998863350073455,0.037499964237213135
0.893750011920929,0.09781398123740265,0.000978139790510898,9.004642124547455e-08,0.0004502321176011927,0.03750002384185791
0.9312500357627869,0.12729165849723953,0.0012729165565204925,2.1201910073876957e-07,0.0010600955304741135,0.03750002384185791
0.96875,0.1600969241097335,0.001600969205312884,4.594945503557055e-07,0.0022974728098175724,0.037499964237213135
1.006250023841858,0.19484779794192814,0.0019484779358674047,8.754938182004854e-07,0.004377469201586601,0.037499964237213135
1.0437500476837158,0.2306224614880035,0.002306224563331898,1.5294174504692504e-06,0.00764708744552793,0.03750002384185791
1.0812499523162842,0.26690128054995227,0.0026690127458424374,2.49547471795092e-06,0.012477373904959578,0.03750002384185791
1.1187500953674316,0.30317545126636203,0.0030317544448986264,3.79701700164384e-06,0.0189850854878228,0.03750002384185791
1.15625,0.33893268691616646,0.0033893267934043056,5.469905040977341e-06,0.02734952589579384,0.03749990463256836
1.193750023841858,0.3738034016484229,0.0037380339329326578,7.6031884638803515e-06,0.03801594327976526,0.03750014305114746
1.2312500476837158,0.40750493132756765,0.004075049222191226,1.014140365927632e-05,0.05070701957734866,0.03749990463256836
1.2687499523162842,0.43996227050149495,0.004399622606675719,1.3082777214564069e-05,0.06541388772531415,0.03750002384185791
1.3062500953674316,0.4709651573303398,0.004709651468034482,1.639870477591924e-05,0.08199352595092689,0.03750002384185791
1.34375,0.5004589135680056,0.005004589023818773,2.0059087813879654e-05,0.10029544160307424,0.03749990463256836
1.381250023841858,0.5284296062828707,0.005284295944715486,2.402638381834567e-05,0.12013192212651597,0.03750014305114746
1.4187500476837158,0.5548704360110853,0.005548704236087646,2.8255296166622476e-05,0.14127648440205656,0.03749990463256836
1.4562499523162842,0.579803233529258,0.005798032205696458,3.269786050762995e-05,0.16348930666823702,0.03750002384185791
1.4937500953674316,0.6033373991988997,0.00603337385713258,3.7320588612155804e-05,0.186602947774766,0.03750002384185791
1.53125,0.6257096310279239,0.006257096170422237,4.2121556974476155e-05,0.21060779019278106,0.03749990463256836
1.568750023841858,0.6468622741801483,0.006468622597216498,4.703812451412878e-05,0.2351906285120589,0.03750014305114746
1.6062500476837158,0.6667061176328242,0.0066670610273078116,5.1997721103562195e-05,0.25998861208567575,0.03749990463256836
1.6437499523162842,0.6853405589024185,0.006853405435838633,5.6971591089134846e-05,0.28485796264179164,0.03750002384185791
1.6812500953674316,0.7028019786302439,0.007028019629213955,6.191807787806391e-05,0.30959039721123083,0.03750002384185791
1.71875,0.7189855237879826,0.007189855077174038,6.68115898357873e-05,0.3340579576179504,0.03750002384185791
1.7562501430511475,0.7341289921376811,0.007341289757286195,7.162255971650073e-05,0.35811280762919406,0.03750002384185791
1.7937500476837158,0.7483616588084481,0.007483616420812615,7.634474445979122e-05,0.3817237319421087,0.03749990463256836
1.8312500715255737,0.7612564279645342,0.007612564109491271,8.091316286174429e-05,0.4045658245289138,0.03750014305114746
1.8687500953674316,0.7721214838426963,0.007721214665844363,8.523444183268368e-05,0.4261722199294342,0.03749990463256836
1.90625,0.7837222678714133,0.007837222503538556,8.957917372853747e-05,0.44789587995748903,0.03749990463256836
1.943750023841858,0.79471383519681,0.007947138174335715,9.38023632566905e-05,0.46901182813168785,0.03750014305114746
1.9812500476837158,0.8051376359077523,0.008051376179115237,9.79157592672575e-05,0.48957880870408854,0.03749990463256836
2.0187501907348633,0.81494763406676,0.008149476158512609,0.00010191159869342232,0.5095580063396296,0.03750014305114746
2.0562500953674316,0.8241241408135689,0.008241241223929588,0.00010576657260966302,0.5288328764077572,0.03749990463256836
2.09375,0.8328746036519129,0.008328745850357148,0.00010951404597268323,0.547570243696204,0.03749990463256836
2.1312499046325684,0.841111027401139,0.008411110086008425,0.00011312428602592771,0.5656214444184381,0.03750014305114746
2.168750047683716,0.8486988942323175,0.00848698875262419,0.00011654318775085623,0.5827159534749243,0.03749990463256836
2.2062501907348633,0.8559614561765331,0.008559614370443036,0.00011986119396386274,0.5993059849590563,0.03750014305114746
2.2437500953674316,0.8627534732085261,0.008627534539244832,0.00012302978070592304,0.6151489190695839,0.03749990463256836
2.28125,0.8690893052400942,0.008690892858144344,0.0001260443779631762,0.6302219057366255,0.03749990463256836
2.3187499046325684,0.8751957811894149,0.008751957616272647,0.00012898004069579447,0.6449002197705223,0.03750014305114746
2.356250047683716,0.8807845875942939,0.008807845679072243,0.00013172858592632217,0.6586429462703312,0.03749990463256836
2.3937501907348633,0.8861414850532933,0.008861414652464875,0.0001343888183866809,0.6719441089081404,0.03750014305114746
2.4312500953674316,0.8912024821282059,0.00891202462208278,0.00013693636568485636,0.6846818457208,0.03749990463256836
2.46875,0.8959160311310743,0.008959160111057905,0.00013934516096575958,0.6967258224295726,0.03750014305114746
2.5062501430511475,0.9004975143589115,0.009004974942312236,0.0001417012196473963,0.7085061161353514,0.03749990463256836
2.543750047683716,0.9046510264760808,0.009046510062555546,0.00014387799449240433,0.7193899906353414,0.03749990463256836
2.5812501907348633,0.9087282892135831,0.00908728268901923,0.00014602195216117296,0.7301097792499892,0.03750014305114746
2.6187500953674316,0.9124720903677296,0.009124720699723891,0.0001480213718857252,0.7401068781252983,0.03749990463256836
2.65625,0.9161078042731704,0.009161077837965654,0.00014997207884282453,0.74986041315719,0.03750014305114746
2.6937501430511475,0.9194880008190878,0.009194879802669293,0.00015180763120634753,0.7590381752066548,0.03749990463256836
2.731250047683716,0.9227387791929621,0.009227387585681432,0.00015358288582205444,0.7679144485094228,0.03749990463256836
2.7687501907348633,0.9257874977697012,0.00925787477076738,0.00015526400217996832,0.7763200305113351,0.03750014305114746
2.8062500953674316,0.9287073884070924,0.009287073676488646,0.00015688332990912231,0.7844166693616434,0.03749990463256836
2.84375,0.9314566303163785,0.009314566094967005,0.00015842081271048828,0.7921040835626737,0.03749990463256836
2.8812499046325684,0.9340936467383367,0.009340936258597167,0.00015990306572380582,0.7995153488164857,0.03750014305114746
2.918750047683716,0.9365735063798399,0.009365734854457908,0.00016130797798107727,0.8065399102802983,0.03749990463256836
2.9562501907348633,0.9389712596778107,0.009389712386901675,0.00016267174639525924,0.8133587525234666,0.03750014305114746
2.9937500953674316,0.9412163003101449,0.009412162792723212,0.00016395898880211556,0.8197949647203405,0.03749990463256836
3.03125,0.9434165382100391,0.009434165171230363,0.00016522354480825674,0.8261177449107733,0.03749990463256836
3.0687499046325684,0.9454640112026245,0.00945463990069857,0.00016641074647206946,0.832053753379793,0.03750014305114746
3.106250047683716,0.9475015614428646,0.009475015402645543,0.00016759271943903148,0.837963618363899,0.03749990463256836
3.1437501907348633,0.9493413983121006,0.009493413770926669,0.00016867049558541426,0.8433524992319473,0.03750014305114746
3.1812500953674316,0.9511812234840136,0.009511812022234565,0.00016974826487950692,0.8487413458385444,0.03749990463256836
3.21875,0.9528712579325497,0.009528712366342174,0.00017074567253859714,0.8537283842599787,0.03749990463256836
3.2562499046325684,0.9545256050121719,0.00954525583676862,0.0001717239341835003,0.8586196926080593,0.03750014305114746
3.293750047683716,0.9560941160346409,0.009560940946642721,0.00017265529618201315,0.8632765027182645,0.03749990463256836
3.3312501907348633,0.9575797023020653,0.009575796808984911,0.00017354134877313603,0.8677067657857969,0.03750014305114746
3.3687500953674316,0.9590434071080483,0.009590433856717576,0.00017441527419554767,0.872076393008241,0.03749990463256836
3.40625,0.9603788961520591,0.009603788746859179,0.00017521814206816074,0.8760907324727172,0.03749990463256836
3.4437499046325684,0.9617143851960699,0.009617143637000784,0.00017602100994077382,0.8801050719371933,0.03750014305114746
3.481250047683716,0.9629512341665091,0.009629512126428718,0.0001767683590949913,0.8838418178026788,0.03749990463256836
3.5187501907348633,0.9641499943275978,0.009641499727771662,0.0001774942701642471,0.8874713732406482,0.03750014305114746
3.5562500953674316,0.9653203584565022,0.009653203368799108,0.0001782039847242,0.8910199461300572,0.03749990463256836
3.59375,0.9663959494259192,0.009663959278252865,0.00017885964352956098,0.8942982402396786,0.03749990463256836
3.6312499046325684,0.9674715403953362,0.009674715187706621,0.00017951530233492193,0.8975765343493001,0.03750014305114746
3.668750047683716,0.9684736290386506,0.00968473607391578,0.00018012858365278506,0.9006429410160797,0.03749990463256836
3.7062501907348633,0.9694395457198801,0.009694395240512178,0.00018072101005186137,0.903605073086291,0.03750014305114746
3.7437500953674316,0.970401156720569,0.00970401135030413,0.00018131092512794315,0.9065546485412125,0.03749990463256836
3.78125,0.971267632271869,0.009712676105623456,0.00018184535577021006,0.9092268018200512,0.03749990463256836
3.8187499046325684,0.9721341078231689,0.009721340860942783,0.00018237978641247695,0.91189895509889,0.03750014305114746
3.856250047683716,0.9729699822463368,0.009729699604987629,0.00018289618601039905,0.9144809531537272,0.03749990463256836
3.8937501907348633,0.9737475583401365,0.009737475365751825,0.00018337823430575827,0.9168911946914111,0.03750014305114746
3.9312500953674316,0.9745251294902595,0.009745251077079254,0.00018386027953634865,0.9193014209052505,0.03749990463256836
3.96875,0.9752585441402519,0.009752585223415247,0.00018431615453053771,0.9215807959337777,0.03750014305114746
4.006250381469727,0.9759590990976057,0.0097595907728322,0.00018475255483770808,0.9237627975247515,0.03749990463256836
4.043749809265137,0.9766596362391068,0.009766596144090627,0.00018518894404675763,0.9259447436251198,0.03749990463256836
4.081250190734863,0.9773101566402731,0.009773101347956888,0.00018559543053713645,0.9279771761283575,0.03750038146972656
4.11875057220459,0.9779416924852152,0.00977941670626515,0.0001859905668611497,0.9299528577983337,0.03749990463256836
4.15625,0.9785732122695338,0.00978573190396718,0.0001863856931364288,0.9319284892246379,0.03749990463256836
4.193750381469727,0.9791519072212651,0.009791518853355144,0.0001867488998005394,0.9337445225910677,0.03749990463256836
4.231249809265137,0.9797175375921904,0.00979717515693797,0.00018710421171173425,0.9355210821919216,0.03749990463256836
4.268750190734863,0.9802831823480593,0.009802831604370227,0.00018745953265911615,0.937297686973712,0.03750038146972656
4.30625057220459,0.9808015328723015,0.00980801510949679,0.00018778608153716017,0.9389304314051786,0.03749990463256836
4.34375,0.981307969619437,0.009813079476854947,0.00018810538222691295,0.9405269348942736,0.03749990463256836
4.381250381469727,0.9818144192461213,0.00981814397300859,0.00018842469103702607,0.9421234789851713,0.03749990463256836
4.418749809265137,0.9822831781574007,0.009822831562016607,0.00018872092292767902,0.9436046384758533,0.03749990463256836
4.456250190734863,0.9827368014323226,0.009827367794664433,0.00018900788804107236,0.9450394640790667,0.03750038146972656
4.49375057220459,0.9831904247072444,0.009831904027312259,0.00018929485315446567,0.9464742896822801,0.03749990463256836
4.53125,0.983618234847728,0.009836182128621472,0.00018956590740902283,0.9478295609893028,0.03749990463256836
4.568750381469727,0.9840245058194151,0.009840244838247535,0.00018982368556143213,0.9491184517839095,0.03749990463256836
4.606249809265137,0.9844307664592022,0.0098443074445546,0.00019008145715827075,0.9504073098006618,0.03749990463256836
4.643750190734863,0.9848246530638851,0.009848246310513387,0.00019033156869817004,0.95165786753175,0.03750038146972656
4.68125057220459,0.9851883931989487,0.009851883711782722,0.00019056301789537245,0.9528151135469966,0.03749990463256836
4.71875,0.9855521240837164,0.009855521020549098,0.00019079446120657726,0.9539723301322544,0.03749990463256836
4.756250381469727,0.98591586421878,0.00985915842181843,0.00019102591040377967,0.9551295761475009,0.03749990463256836
4.793750286102295,0.986243577165905,0.009862435551216433,0.00019123492791385118,0.9561746637242596,0.03750038146972656
4.831250190734863,0.9865693729363634,0.009865693508848195,0.00019144275173137049,0.9572137828381065,0.03749990463256836
4.86875057220459,0.9868951728495398,0.009868951507907137,0.000191650578191513,0.9582529151650698,0.03749990463256836
4.90625,0.9872032700307335,0.00987203247965021,0.0001918473471489241,0.9592367599769792,0.03749990463256836
4.943750381469727,0.9874950247793992,0.009874950027071654,0.00019203390848718252,0.9601695666918361,0.03750038146972656
4.981250762939453,0.9877867795280649,0.0098778675744931,0.00019222046982544095,0.9611023734066929,0.03749990463256836
5.018750190734863,0.9880785268570992,0.00988078504771823,0.00019240702641924745,0.9620351563992895,0.03749990463256836
5.05625057220459,0.9883416613262871,0.009883416392351295,0.00019257565068100615,0.9628782777293821,0.03749990463256836
5.09375,0.988604616668079,0.009886045945710438,0.00019274416258457315,0.9637208372685019,0.03749990463256836
5.131250381469727,0.988867578697273,0.009888675565943602,0.0001929126787736849,0.964563418235346,0.03750038146972656
5.168750762939453,0.989120105242834,0.009891200831342768,0.000193074619676069,0.9653731227677214,0.03749990463256836
5.206250190734863,0.9893552290892594,0.009893552069754468,0.00019322559525180232,0.9661280006654578,0.03749990463256836
5.24375057220459,0.9895903589152847,0.009895903367962165,0.00019337657466710165,0.9668828977610248,0.03749990463256836
5.28125,0.98982548276171,0.009898254606373865,0.00019352755024283497,0.9676377756587611,0.03749990463256836
5.318750381469727,0.990044282851733,0.009900442607225187,0.00019366820166117154,0.9683410327682097,0.03750038146972656
5.356250762939453,0.9902545638762767,0.009902545417423624,0.00019380346506329144,0.9690173497958945,0.03749990463256836
5.393750190734863,0.9904648395531519,0.009904648174145375,0.00019393872502552014,0.9696936496241227,0.03749990463256836
5.43125057220459,0.9906751205776957,0.009906750984343812,0.00019407398842764004,0.9703699666518074,0.03749990463256836
5.46875,0.990866801883385,0.009908667797357862,0.00019419745265769232,0.9709872878176636,0.03749990463256836
5.506250381469727,0.9910548950412753,0.009910548728894722,0.00019431864071787157,0.9715932281338673,0.03750038146972656
5.543750762939453,0.9912429881991656,0.009912429660431583,0.0001944398287780508,0.9721991684500708,0.03749990463256836
5.581250190734863,0.9914310765736482,0.009914310544134367,0.00019456101375628967,0.9728050933565721,0.03749990463256836
5.61875057220459,0.9916008300180353,0.009916008078540296,0.00019467053819883164,0.973352715583116,0.03749990463256836
5.65625,0.9917689323641755,0.009917689101964125,0.0001947790125427067,0.9738950873161927,0.03749990463256836
5.693750381469727,0.9919370389854446,0.00991937016813924,0.00019488748964526903,0.9744374728427062,0.03750038146972656
5.731250762939453,0.9921051456067137,0.009921051234314356,0.00019499596674783136,0.9749798583692197,0.03749990463256836
5.768750190734863,0.9922575057084845,0.00992257483529801,0.00019509439370643232,0.9754719931746569,0.03749990463256836
5.80625057220459,0.9924078808010418,0.009924078586189971,0.000195191553775903,0.9759577935342826,0.03749990463256836
5.84375,0.9925582520694016,0.009925582298839958,0.00019528871137449043,0.9764435815394918,0.03749990463256836
5.881250381469727,0.992708627161959,0.00992708604973192,0.0001953858714439611,0.9769293818991175,0.03750038146972656
5.918750762939453,0.9928472634227749,0.009928472412309092,0.00019547553458271926,0.9773776976042337,0.03749990463256836
5.956250190734863,0.9929820113905914,0.00992981989195714,0.00019556271445914027,0.9778135969973505,0.03749990463256836
5.99375057220459,0.9931167627852783,0.009931167405873888,0.00019564989655269403,0.9782495074761314,0.03749990463256836
6.03125,0.9932515107530947,0.009932514885521933,0.00019573707642911504,0.9786854068692482,0.03749990463256836
6.068750381469727,0.9933793735235699,0.009933793513198105,0.00019581985946604913,0.979099322064375,0.03750038146972656
6.106250762939453,0.9935004260545627,0.009935004038480976,0.00019589829350263784,0.9794914922572255,0.03749990463256836
6.143750190734863,0.9936214755070618,0.009936214532978912,0.00019597672554456615,0.9798836524767739,0.03749990463256836
6.18125057220459,0.9937425280380546,0.009937425058261782,0.00019605515958115484,0.9802758226696244,0.03749990463256836
6.21875,0.9938617643694106,0.00993861742154869,0.00019613243210145177,0.9806621852808695,0.03749990463256836
6.256250381469727,0.9939698363724856,0.009939698141555285,0.000196202564870933,0.981012849137134,0.03750038146972656
6.293750762939453,0.9940779083755605,0.009940778861561878,0.0001962726976404142,0.9813635129933986,0.03749990463256836
6.331250190734863,0.9941859776302503,0.009941859554084621,0.00019634282862634501,0.9817141679319109,0.03749990463256836
6.36875057220459,0.9942940496333252,0.009942940274091214,0.00019641296139582623,0.9820648317881755,0.03749990463256836
6.40625,0.9943943418191923,0.009943943195927467,0.0001964781587021896,0.9823908183282276,0.03749990463256836
6.443750381469727,0.9944906156008072,0.009944905933722098,0.00019654080682090125,0.9827040589296988,0.03750038146972656
6.481250762939453,0.994586889382422,0.009945868671516726,0.00019660345493961284,0.9830172995311699,0.03749990463256836
6.518750190734863,0.994683160715693,0.009946831384827918,0.0001966661014651166,0.9833305321666016,0.03749990463256836
6.55625057220459,0.9947788258933097,0.009947788036582703,0.000196728371092223,0.9836418803099989,0.03749990463256836
6.59375,0.9948642294164942,0.009948642071795459,0.00019678425891272723,0.9839213194195794,0.03749990463256836
6.631250381469727,0.9949496351116357,0.009949496128727784,0.000196840148154554,0.9842007656357725,0.03750038146972656
6.668750762939453,0.9950350408067772,0.009950350185660109,0.0001968960373963807,0.9844802118519655,0.03749990463256836
6.706250190734863,0.9951204443299617,0.009951204220872865,0.000196951925216885,0.9847596509615462,0.03749990463256836
6.74375057220459,0.9952024696094346,0.009952024473649259,0.0001970057997440195,0.9850290236040237,0.03749990463256836
6.78125,0.9952775495471659,0.00995277527300979,0.00019705553474743607,0.9852776986273886,0.03749990463256836
6.818750381469727,0.9953526313943077,0.009953526091464427,0.00019710527101569848,0.9855263799749828,0.03750038146972656
6.856250762939453,0.9954277132414496,0.009954276909919063,0.0001971550072839609,0.9857750613225771,0.03749990463256836
6.893750190734863,0.9955027931791808,0.009955027709279593,0.00019720474228737746,0.986023736345942,0.03749990463256836
6.93125057220459,0.995572884889904,0.00995572862637116,0.0001972517374104448,0.9862587119672147,0.03749990463256836
6.968750476837158,0.9956374282360655,0.009956374059818347,0.00019729568463853028,0.9864784481131931,0.03750038146972656
7.006250381469727,0.9957019715822271,0.009957019493265537,0.00019733963186661574,0.9866981842591714,0.03749990463256836
7.043750762939453,0.9957665157491017,0.009957664934919857,0.00019738357965352053,0.9869179231992464,0.03749990463256836
7.081250190734863,0.9958310582745501,0.009958310360159914,0.0001974275263227867,0.9871376565511282,0.03749990463256836
7.11875057220459,0.9958899689314265,0.00995889946671551,0.00019746875374136342,0.9873437936492193,0.03749990463256836
7.156250476837158,0.9959429284223666,0.009959429061613075,0.0001975071072360801,0.9875355611276471,0.03750038146972656
7.193750381469727,0.9959958879133068,0.009959958656510639,0.00019754546073079676,0.9877273286060748,0.03749990463256836
7.231250762939453,0.9960488480776635,0.009960488258142369,0.00019758381471320454,0.9879190985229583,0.03749990463256836
7.268750190734863,0.9961018068951872,0.00996101784630577,0.00019762216772023004,0.9881108635629302,0.03749990463256836
7.30625057220459,0.9961496380107256,0.009961496157450461,0.0001976584213863349,0.9882921318980337,0.03749990463256836
7.343750476837158,0.9961885733105037,0.00996188551043954,0.0001976910320545786,0.9884551852433713,0.03750038146972656
7.381250381469727,0.9962275086102816,0.009962274863428615,0.0001977236427228223,0.9886182385887089,0.03749990463256836
7.418750762939453,0.9962664444051489,0.009962664221368586,0.00019775625380573315,0.9887812940073822,0.03749990463256836
7.456250190734863,0.9963053792098377,0.009963053569406771,0.00019778886405930974,0.9889443452793841,0.03749990463256836
7.49375057220459,0.996342380411957,0.009963423581419694,0.00019782080895737307,0.9891040697737359,0.03749990463256836
7.531250476837158,0.9963631451423479,0.009963631228718961,0.00019784716251646092,0.9892358375725039,0.03750038146972656
7.568750381469727,0.996383909872739,0.009963838876018231,0.0001978735160755488,0.989367605371272,0.03749990463256836
7.606250762939453,0.9964046748671679,0.009964046525957879,0.00019789986996974034,0.9894993748455585,0.03749990463256836
7.643750190734863,0.996425439333521,0.00996425417061677,0.00019792622319372453,0.9896311409688081,0.03749990463256836
7.68125057220459,0.99644620432795,0.009964461820556417,0.00019795257708791607,0.9897629104430946,0.03749990463256836
7.718750476837158,0.9964496670764272,0.009964496448040415,0.0001979738290325219,0.989869170168808,0.03750038146972656
7.756250381469727,0.9964458263861375,0.009964458041138378,0.00019799292750539434,0.9899646625355826,0.03749990463256836
7.793750762939453,0.9964419856470108,0.009964419633747968,0.00019801202622111706,0.9900601561166086,0.03749990463256836
7.831250190734863,0.9964381450055583,0.009964381227334302,0.00019803112445113927,0.9901556472691319,0.03749990463256836
7.86875057220459,0.9964343042664315,0.009964342819943893,0.00019805022316686196,0.9902511408501578,0.03749990463256836
7.906250476837158,0.9964252434251606,0.00996425221153321,0.00019806796300204954,0.9903398400283363,0.03750038146972656
7.943750381469727,0.996387914821206,0.009963878925502006,0.00019807834564626947,0.9903917532507475,0.03749990463256836
7.981250286102295,0.9963505862172514,0.009963505639470804,0.0001980887282904894,0.9904436664731585,0.037499427795410156
8.018750190734863,0.9963132576132967,0.0099631323534396,0.0001980991109347093,0.9904955796955696,0.03750038146972656
8.056249618530273,0.996275929484001,0.009962759072154987,0.00019810949344690679,0.9905474922578683,0.037499427795410156
8.09375,0.9962386004053875,0.009962385781377195,0.00019811987622314918,0.9905994061403918,0.03750038146972656
8.131250381469727,0.9961804860105474,0.009961804637441785,0.00019812527561459091,0.9906264030982824,0.03750038146972656
8.168750762939453,0.9960976288456674,0.009960976065811504,0.00019812474280164372,0.9906237390334791,0.037499427795410156
8.206250190734863,0.9960147737879327,0.009960147515252676,0.00019812421000224646,0.9906210750364256,0.03750038146972656
8.243749618530273,0.9959319187301979,0.009959318964693849,0.00019812367720284924,0.9906184110393722,0.037499427795410156
8.28125,0.9958490615653179,0.009958490393063568,0.00019812314438990203,0.9906157469745688,0.03750038146972656
8.318750381469727,0.9957662044004381,0.009957661821433289,0.0001981226115769548,0.9906130829097655,0.03750038146972656
8.356250762939453,0.9956467916589242,0.009956467694044843,0.00019811375468973427,0.990568798472544,0.037499427795410156
8.393750190734863,0.9955035390286521,0.009955035167774141,0.0001980994687526211,0.9904973687851737,0.03750038146972656
8.431249618530273,0.9953602863983799,0.009953602641503438,0.00019808518281550796,0.9904259390978035,0.037499427795410156
8.46875,0.9952170301249494,0.009952170078801153,0.00019807089651507909,0.9903545075938546,0.03750038146972656
8.506250381469727,0.9950737738515189,0.009950737516098868,0.00019805661021465022,0.9902830760899057,0.03750038146972656
8.543750762939453,0.9949305175780884,0.009949304953396583,0.00019804232391422134,0.9902116445859569,0.037499427795410156
8.581250190734863,0.9947408530383813,0.009947408308041906,0.00019801787391379556,0.9900893945807397,0.03750038146972656
8.618749618530273,0.9945194468947313,0.009945194246654894,0.00019798647260117321,0.9899323880136616,0.037499427795410156
8.65625,0.9942980351203459,0.009942980128960529,0.000197955070489962,0.9897753774536391,0.03750038146972656
8.693750381469727,0.9940766233459605,0.009940766011266165,0.00019792366837875075,0.9896183668936165,0.03750038146972656
8.731250762939453,0.9938552115715751,0.0099385518935718,0.00019789226626753953,0.989461356333594,0.037499427795410156
8.768750190734863,0.9936338054279251,0.009936337832184788,0.00019786086495491716,0.9893043497665158,0.03750038146972656
8.80625057220459,0.9933714112576609,0.009933713890540796,0.000197820714294867,0.9891035964611935,0.03750038146972656
8.84375,0.9930523935816135,0.009930523713851627,0.000197768475760796,0.9888424037842402,0.037499427795410156
8.881250381469727,0.9927333677924031,0.009927333456030831,0.00019771623589821008,0.9885812044647122,0.03750038146972656
8.918750762939453,0.9924143420031928,0.009924143198210037,0.00019766399603562417,0.9883200051451843,0.03750038146972656
8.95625114440918,0.9920953162139824,0.00992095294038924,0.0001976117561730383,0.9880588058256563,0.037499427795410156
8.99375057220459,0.9917762985379349,0.009917762763700072,0.00019755951763896726,0.987797613148703,0.03750038146972656
9.03125,0.9914477400873188,0.009914477179267349,0.00019750527646373277,0.9875264072656792,0.037499427795410156
9.068750381469727,0.9910100671325219,0.009910100449817208,0.00019742813215591285,0.9871406857168354,0.03750038146972656
9.106250762939453,0.990572394177725,0.009905723720367066,0.00019735098784809293,0.9867549641679917,0.03750038146972656
9.14375114440918,0.990134721222928,0.009901346990916923,0.00019727384354027299,0.9863692426191478,0.037499427795410156
9.18125057220459,0.9896970593986166,0.009896970372771634,0.0001971967011943143,0.9859835308796105,0.03750038146972656
9.21875,0.9892593975743054,0.009892593754626347,0.0001971195588483556,0.9855978191400732,0.037499427795410156
9.256250381469727,0.9888217246195083,0.009888217025176204,0.0001970424145405357,0.9852120975912294,0.03750038146972656
9.293750762939453,0.9883049822167684,0.009883049601264307,0.0001969488663797337,0.9847443567754034,0.03750038146972656
9.33125114440918,0.9877280220640496,0.00987727999986608,0.00019684282536431766,0.9842141516849291,0.037499427795410156
9.36875057220459,0.987151076584037,0.00987151054519491,0.00019673678704563668,0.9836839600781304,0.03750038146972656
9.40625,0.9865741311040244,0.009865741090523742,0.0001966307487269557,0.9831537684713317,0.037499427795410156
9.443750381469727,0.9859971709513055,0.009859971489125513,0.00019652470771153966,0.9826235633808574,0.03750038146972656
9.481250762939453,0.9854202107985867,0.009854201887727286,0.00019641866669612362,0.9820933582903831,0.03750038146972656
9.51875114440918,0.9848432506458679,0.009848432286329058,0.0001963126256807076,0.9815631531999089,0.037499427795410156
9.55625057220459,0.9841253899062519,0.009841253679093352,0.00019617758051387275,0.980887927348677,0.03750038146972656
9.59375,0.9833886068642804,0.009833885848838321,0.00019603864026603187,0.9801932260919229,0.037499427795410156
9.631250381469727,0.9826518050846614,0.00982651783120682,0.00019589969648470382,0.9794985071677327,0.03750038146972656
9.668750762939453,0.9819150033050424,0.009819149813575317,0.00019576075270337577,0.9788037882435423,0.03750038146972656
9.70625114440918,0.9811782015254235,0.009811781795943816,0.00019562180892204772,0.978109069319352,0.037499427795410156
9.74375057220459,0.9804414184834521,0.009804413965688787,0.0001954828686742068,0.9774143680625978,0.03750038146972656
9.78125,0.9797034608319142,0.009797034389338355,0.00019534368352856462,0.9767184423168063,0.037499427795410156
9.818750381469727,0.9788640190581224,0.009788639971788065,0.0001951833400331412,0.975916724819436,0.03750038146972656
9.856250762939453,0.9780245772843306,0.009780245554237777,0.00019502299653771776,0.9751150073220659,0.03750038146972656
9.89375114440918,0.9771851355105389,0.009771851136687491,0.00019486265304229433,0.9743132898246957,0.037499427795410156
9.93125057220459,0.9763457150846382,0.009763456932616108,0.00019470231362457541,0.9735115927158484,0.03750038146972656
9.96875,0.9755062946587375,0.009755062728544726,0.00019454197420685644,0.972709895607001,0.037499427795410156
10.006250381469727,0.9746668528849458,0.00974666831099444,0.000194381630711433,0.9719081781096308,0.03750038146972656
10.043750762939453,0.973827411111154,0.009738273893444152,0.0001942212872160096,0.9711064606122607,0.03750038146972656
10.08125114440918,0.9728221634476676,0.009728221417033977,0.00019402705370572624,0.9701352930363101,0.037499427795410156
10.11875057220459,0.9718105114639742,0.009718104897423167,0.0001938315108940646,0.9691575789533027,0.03750038146972656
10.15625,0.9707988594802809,0.009707988377812355,0.00019363596808240292,0.9681798648702952,0.037499427795410156
10.193750381469727,0.9697871817685546,0.00969787160092122,0.00019344042029775452,0.9672021259223534,0.03750038146972656
10.231250762939453,0.9687755040568282,0.009687754824030084,0.0001932448725131061,0.9662243869744116,0.03750038146972656
10.26875114440918,0.9677638263451019,0.009677638047138948,0.0001930493247284577,0.9652466480264699,0.037499427795410156
10.30625057220459,0.9667521743614086,0.009667521527528136,0.00019285378191679606,0.9642689339434625,0.03750038146972656
10.34375,0.9655555074663863,0.009655554858845389,0.00019262078947178594,0.9631039716889824,0.037499427795410156
10.381250381469727,0.9642826877056533,0.009642826661522556,0.00019237238284502086,0.9618619385237807,0.03750038146972656
10.418750762939453,0.9630098679449203,0.009630098464199724,0.00019212397621825577,0.9606199053585789,0.03750038146972656
10.45625114440918,0.9617370481841873,0.00961737026687689,0.00019187556959149072,0.9593778721933771,0.037499427795410156
10.49375057220459,0.9604642607926054,0.009604642393245563,0.00019162716928196858,0.9581358706143909,0.03750038146972656
10.53125,0.9591914734010235,0.009591914519614234,0.00019137876897244645,0.9568938690354046,0.037499427795410156
10.568750381469727,0.9579186536402905,0.0095791863222914,0.00019113036234568137,0.9556518358702029,0.03750038146972656
10.606250762939453,0.956590655606138,0.009565906342246706,0.00019087075993703568,0.9543538237941839,0.03750038146972656
10.64375114440918,0.9551116670818741,0.009551116457334648,0.00019058052125638325,0.9529026303542615,0.037499427795410156
10.68125057220459,0.9536327161698508,0.009536326948544985,0.00019029028995680707,0.9514514738197213,0.03750038146972656
10.71875,0.9521537652578275,0.009521537439755324,0.0001900000586572309,0.9500003172851812,0.037499427795410156
10.756250381469727,0.9506747767335635,0.009506747554843263,0.00018970981997657848,0.9485491238452588,0.03750038146972656
10.793750762939453,0.9491957882092996,0.009491957669931205,0.00018941958129592608,0.9470979304053365,0.03750038146972656
10.83125114440918,0.9477167996850357,0.009477167785019145,0.00018912934261527365,0.9456467369654141,0.037499427795410156
10.86875057220459,0.9462378487730124,0.009462378276229484,0.0001888391113156975,0.944195580430874,0.03750038146972656
10.90625,0.9446321076031257,0.009446320864889527,0.00018852315836988078,0.9426158156618824,0.037499427795410156
10.943750381469727,0.9429550322848014,0.00942955011208114,0.00018819273427965824,0.9409636951690336,0.03750038146972656
10.981250762939453,0.9412779569664772,0.009412779359272753,0.00018786231018943573,0.9393115746761849,0.03750038146972656
11.01875114440918,0.9396008816481529,0.009396008606464366,0.0001875318860992132,0.9376594541833362,0.037499427795410156
11.05625057220459,0.9379238489796258,0.009379238280153942,0.00018720147041202434,0.9360073757056568,0.03750038146972656
11.09375,0.9362468163110985,0.009362467953843514,0.0001868710547248355,0.9343552972279776,0.037499427795410156
11.131250381469727,0.9345697409927743,0.009345697201035128,0.00018654063063461296,0.9327031767351288,0.03750038146972656
11.168750762939453,0.9328926656744501,0.00932892644822674,0.00018621020654439042,0.9310510562422801,0.03750038146972656
11.20625114440918,0.9310602191308067,0.009310601983199891,0.00018584832754065073,0.9292416611778725,0.037499427795410156
11.24375057220459,0.9291820753966803,0.009291820546278425,0.00018547719690664488,0.9273860079609655,0.03750038146972656
11.28125,0.9273039316625539,0.009273039109356958,0.000185106066272639,0.9255303547440583,0.037499427795410156
11.318750381469727,0.9254257401640335,0.009254257194791563,0.000184734926200149,0.9236746543347295,0.03750038146972656
11.356250762939453,0.923547548665513,0.009235475280226167,0.00018436378612765903,0.9218189539254006,0.03750038146972656
11.39375114440918,0.9216693571669927,0.009216693365660772,0.00018399264605516903,0.9199632535160717,0.037499427795410156
11.43125057220459,0.9197912134328663,0.009197911928739306,0.00018362151542116313,0.9181076002991645,0.03750038146972656
11.46875,0.9179130696987398,0.009179130491817839,0.00018325038478715728,0.9162519470822574,0.037499427795410156
11.506250381469727,0.9158994553629524,0.009158994348910042,0.00018285183081989366,0.9142591771955978,0.03750038146972656
11.543750762939453,0.9138327248187227,0.009138327043929697,0.00018244252444056723,0.9122126452472659,0.03750038146972656
11.58125114440918,0.911765994274493,0.00911765973894935,0.00018203321806124081,0.910166113298934,0.037499427795410156
11.61875057220459,0.9096993162894044,0.009096992959560402,0.00018162392209100802,0.9081196333960716,0.03750038146972656
11.65625,0.9076326383043157,0.009076326180171453,0.0001812146261207752,0.9060731534932092,0.037499427795410156
11.693750381469727,0.905565907760086,0.009055658875191107,0.00018080531974144879,0.9040266215448773,0.03750038146972656
11.731250762939453,0.9034991772158564,0.00903499157021076,0.00018039601336212235,0.9019800895965454,0.03750038146972656
11.76875114440918,0.9014324466716267,0.009014324265230415,0.00017998670698279594,0.8999335576482136,0.037499427795410156
11.80625057220459,0.8992901523268326,0.008992901322261314,0.00017956209567283722,0.8978105010447871,0.03750038146972656
11.84375,0.897055689742682,0.008970556696919249,0.00017911881660495968,0.8955941056494084,0.037499427795410156
11.881250381469727,0.8948211703323422,0.008948211503315305,0.00017867552626374045,0.89337765388732,0.03750038146972656
11.918750762939453,0.8925866509220024,0.00892586630971136,0.00017823223592252122,0.8911612021252316,0.03750038146972656
11.95625114440918,0.8903521315116627,0.008903521116107418,0.000177788945581302,0.8889447503631432,0.037499427795410156
11.99375057220459,0.8881176689275121,0.008881176490765353,0.00017734566651342445,0.8867283549677647,0.03750038146972656
12.03125,0.8858832063433615,0.008858831865423288,0.0001769023874455469,0.884511959572386,0.037499427795410156
12.068750381469727,0.8836486869330217,0.008836486671819344,0.00017645909710432768,0.8822955078102976,0.03750038146972656
12.106250762939453,0.8814141675226819,0.0088141414782154,0.00017601580676310845,0.8800790560482092,0.03750038146972656
12.14375114440918,0.8790391694407131,0.008790391497926566,0.00017554405447069363,0.8777202945265478,0.037499427795410156
12.18125057220459,0.8766557461250183,0.008766557265302354,0.00017507059492757301,0.8753529967511418,0.03750038146972656
12.21875,0.8742723228093234,0.008742723032678142,0.00017459713538445242,0.8729856989757359,0.037499427795410156
12.256250381469727,0.8718888388791144,0.008718888193908802,0.00017412366380044927,0.8706183409959156,0.03750038146972656
12.293750762939453,0.8695053549489052,0.00869505335513946,0.00017365019221644612,0.8682509830160954,0.03750038146972656
12.33125114440918,0.8671218710186961,0.00867121851637012,0.00017317672063244297,0.8658836250362751,0.037499427795410156
12.36875057220459,0.8647384477030012,0.008647384283745908,0.00017270326108932238,0.8635163272608691,0.03750038146972656
12.40625,0.8623550243873064,0.008623550051121696,0.0001722298015462018,0.8611490294854632,0.037499427795410156
12.443750381469727,0.8599456735891496,0.00859945654367866,0.0001717510886828394,0.8587554651081848,0.03750038146972656
12.481250762939453,0.8574297844283446,0.008574297652632954,0.0001712507884621579,0.856253963941584,0.03750038146972656
12.51875114440918,0.8549138952675397,0.008549138761587251,0.00017075048824147639,0.8537524627749833,0.037499427795410156
12.55625057220459,0.8523980700884538,0.008523980510358723,0.00017025020074395801,0.8512510252241997,0.03750038146972656
12.59375,0.849882244909368,0.008498822259130196,0.00016974991324643964,0.8487495876734162,0.037499427795410156
12.631250381469727,0.847366355748563,0.008473663368084491,0.00016924961302575815,0.8462480865068155,0.03750038146972656
12.668750762939453,0.844850466587758,0.008448504477038784,0.00016874931280507662,0.8437465853402146,0.03750038146972656
12.70625114440918,0.8423345774269531,0.008423345585993081,0.0001682490125843951,0.8412450841736139,0.037499427795410156
12.74375057220459,0.8398187522478672,0.008398187334764553,0.00016774872508687675,0.8387436466228304,0.03750038146972656
12.78125,0.8372796334801178,0.008372796147654597,0.00016724370221553347,0.8362185322023242,0.037499427795410156
12.818750381469727,0.8346643357569696,0.00834664317100768,0.00016672319314206898,0.8336159867692561,0.03750038146972656
12.856250762939453,0.8320490380338215,0.008320490194360762,0.00016620268406860453,0.8310134413361879,0.03750038146972656
12.89375114440918,0.8294337403106734,0.008294337217713846,0.00016568217499514005,0.8284108959031197,0.037499427795410156
12.93125057220459,0.8268185090973091,0.008268184906164754,0.00016516167915877117,0.8258084166555312,0.03750038146972656
12.968750953674316,0.8242032113741611,0.008242031929517836,0.00016464117008530672,0.823205871222463,0.03750038146972656
13.006250381469727,0.8215879801607968,0.008215879617968744,0.00016412067424893784,0.8206033919748745,0.037499427795410156
13.043750762939453,0.8189726824376486,0.008189726641321827,0.0001636001651754734,0.8180008465418064,0.03750038146972656
13.08125114440918,0.8163573847145006,0.008163573664674911,0.00016307965610200888,0.8153983011087381,0.037499427795410156
13.11875057220459,0.8137415868330472,0.008137415686445054,0.00016255904503203298,0.8127952456930999,0.03750038146972656
13.156250953674316,0.8110405870998899,0.008110405689717201,0.00016202110820512041,0.8101055614905899,0.03750038146972656
13.193750381469727,0.8083396560560092,0.0080833963798821,0.00016148318505850964,0.8074159456895906,0.037499427795410156
13.231250762939453,0.805638656322852,0.008056386383154248,0.00016094524823159707,0.8047262614870807,0.03750038146972656
13.26875114440918,0.8029376565896947,0.008029376386426396,0.0001604073114046845,0.8020365772845707,0.037499427795410156
13.30625057220459,0.800236725545814,0.008002367076591294,0.00015986938825807373,0.7993469614835714,0.03750038146972656
13.343750953674316,0.7975357258126567,0.007975357079863441,0.0001593314514311612,0.7966572772810615,0.03750038146972656
13.381250381469727,0.7948347947687762,0.007948347770028341,0.0001587935282845504,0.7939676614800621,0.037499427795410156
13.418750762939453,0.7921337950356189,0.007921337773300488,0.00015825559145763783,0.7912779772775522,0.03750038146972656
13.45625114440918,0.7894327953024616,0.007894327776572636,0.0001577176546307253,0.7885882930750423,0.037499427795410156
13.49375057220459,0.7867052505542153,0.007867052329699826,0.00015717425488735197,0.7858712942895386,0.03750038146972656
13.531250953674316,0.783957189433143,0.007839571719103343,0.00015662663371732226,0.7831331883702197,0.03750038146972656
13.568750381469727,0.781209198198168,0.007812091807367818,0.00015607902647387745,0.7803951520838269,0.037499427795410156
13.606250762939453,0.7784611370770957,0.007784611196771334,0.00015553140530384773,0.777657046164508,0.03750038146972656
13.64375114440918,0.7757130759560235,0.007757130586174851,0.00015498378413381802,0.7749189402451891,0.037499427795410156
13.68125057220459,0.7729650847210485,0.007729650674439325,0.00015443617689037318,0.7721809039587963,0.03750038146972656
13.718750953674316,0.7702170235999762,0.007702170063842842,0.0001538885557203435,0.7694427980394775,0.03750038146972656
13.756250381469727,0.7674690323650014,0.007674690152107318,0.00015334094847689866,0.7667047617530847,0.037499427795410156
13.793750762939453,0.7647209712439291,0.007647209541510835,0.00015279332730686894,0.7639666558337658,0.03750038146972656
13.83125114440918,0.7619729101228568,0.007619728930914351,0.00015224570613683926,0.7612285499144469,0.037499427795410156
13.86875057220459,0.7592015144673031,0.0075920149749782685,0.00015169321947004844,0.7584661165107079,0.03750038146972656
13.906250953674316,0.756425292127565,0.007564252752201422,0.00015113972716523263,0.755698654916717,0.03750038146972656
13.943750381469727,0.7536491403900939,0.007536491235447229,0.00015058624893631085,0.7529312637021979,0.037499427795410156
13.981250762939453,0.7508729180503558,0.0075087290126703825,0.00015003275663149506,0.750163802108207,0.03750038146972656
14.01875114440918,0.7480966957106178,0.0074809667898935355,0.00014947926432667927,0.747396340514216,0.037499427795410156
14.05625057220459,0.7453205439731466,0.007453205273139343,0.0001489257860977575,0.7446289492996969,0.03750038146972656
14.093750953674316,0.7425443216334084,0.007425443050362495,0.0001483722937929417,0.741861487705706,0.03750038146972656
14.131250381469727,0.7397681698959373,0.007397681533608302,0.00014781881556401994,0.739094096491187,0.037499427795410156
14.168750762939453,0.7369919475561992,0.007369919310831455,0.00014726532325920412,0.736326634897196,0.03750038146972656
14.20625114440918,0.7342157252164612,0.007342157088054609,0.0001467118309543883,0.733559173303205,0.037499427795410156
14.24375057220459,0.7314325831380141,0.007314325667892218,0.00014615676936754405,0.7307838652988735,0.03750038146972656
14.281250953674316,0.7286482001775516,0.007286481838909952,0.00014560142862879338,0.7280071615349747,0.03750038146972656
14.318750381469727,0.7258638880268893,0.007258638718025671,0.00014504610201294434,0.7252305283855859,0.037499427795410156
14.356250762939453,0.7230795050664269,0.007230794889043405,0.00014449076127419366,0.7224538246216871,0.03750038146972656
14.39375114440918,0.7202951221059645,0.007202951060061139,0.00014393542053544299,0.7196771208577882,0.037499427795410156
14.43125057220459,0.7175108099553021,0.007175107939176858,0.00014338009391959397,0.7169004877083995,0.03750038146972656
14.468750953674316,0.7147264269948398,0.0071472641101945926,0.0001428247531808433,0.7141237839445007,0.03750038146972656
14.506250381469727,0.7119421148441775,0.007119420989310311,0.00014226942656499428,0.7113471507951119,0.037499427795410156
14.543750762939453,0.709157731883715,0.007091577160328045,0.00014171408582624363,0.7085704470312132,0.03750038146972656
14.58125114440918,0.7063733489232527,0.00706373333134578,0.00014115874508749293,0.7057937432673144,0.037499427795410156
14.61875057220459,0.7036056750863997,0.007036056593595874,0.00014060662460532546,0.7030331407867383,0.03750038146972656
14.656250953674316,0.7008483273232768,0.0070084831165809595,0.0001400564934363527,0.7002824848723871,0.03750038146972656
14.693750381469727,0.6980910496824204,0.006980910340788695,0.00013950637625779674,0.6975318989101217,0.037499427795410156
14.731250762939453,0.6953337019192974,0.006953336863773781,0.000138956245088824,0.6947812429957705,0.03750038146972656
14.76875114440918,0.6925763541561745,0.006925763386758866,0.00013840611391985124,0.6920305870814193,0.037499427795410156
14.80625057220459,0.689819076515318,0.006898190610966601,0.00013785599674129528,0.6892800011191539,0.03750038146972656
14.843750953674316,0.6870617287521951,0.006870617133951687,0.00013730586557232253,0.6865293452048027,0.03750038146972656
14.881250381469727,0.6843044511113386,0.006843044358159423,0.00013675574839376657,0.6837787592425373,0.037499427795410156
14.918750762939453,0.6815471033482157,0.006815470881144508,0.00013620561722479382,0.6810281033281861,0.03750038146972656
14.95625114440918,0.6787897555850928,0.006787897404129595,0.00013565548605582107,0.6782774474138349,0.037499427795410156
14.99375057220459,0.676035357720728,0.006760353426101602,0.00013510593085946877,0.6755296713626587,0.03750038146972656
15.031250953674316,0.6733136083767206,0.006733135933269887,0.0001345627466456084,0.672813750224747,0.03750038146972656
15.068750381469727,0.6705919282496744,0.006705919132607768,0.00013401957624549645,0.670097898155579,0.037499427795410156
15.106250762939453,0.6678701789056669,0.006678701639776051,0.00013347639203163607,0.6673819770176672,0.03750038146972656
15.14375114440918,0.6651484295616595,0.006651484146944336,0.00013293320781777575,0.6646660558797556,0.037499427795410156
15.18125057220459,0.6624267494346132,0.006624267346282215,0.00013239003741766375,0.6619502038105874,0.03750038146972656
15.218750953674316,0.6597050000906058,0.0065970498534505,0.00013184685320380342,0.6592342826726758,0.03750038146972656
15.256250381469727,0.6569833199635596,0.006569833052788381,0.00013130368280369142,0.6565184306035077,0.037499427795410156
15.293750762939453,0.6542615706195521,0.006542615559956664,0.00013076049858983107,0.653802509465596,0.03750038146972656
15.33125114440918,0.6515398212755448,0.006515398067124949,0.00013021731437597072,0.6510865883276843,0.037499427795410156
15.36875057220459,0.6488181411484986,0.00648818126646283,0.00012967414397585875,0.6483707362585163,0.03750038146972656
15.406250953674316,0.64611394857766,0.006461139341358879,0.0001291344272172089,0.645672152397095,0.03750038146972656
15.443750381469727,0.6434550446511934,0.006434550302688524,0.00012860365508992876,0.6430182916936521,0.037499427795410156
15.481250762939453,0.6407960731042713,0.00640796058781363,0.00012807286946420941,0.6403643634980116,0.03750038146972656
15.51875114440918,0.6381371015573493,0.006381370872938735,0.00012754208383849013,0.6377104353023713,0.037499427795410156
15.55625057220459,0.6354781976308826,0.00635478183426838,0.00012701131171121,0.6350565745989284,0.03750038146972656
15.593750953674316,0.6328192260839606,0.006328192119393486,0.00012648052608549065,0.6324026464032879,0.03750038146972656
15.631250381469727,0.630160322157494,0.0063016030807231315,0.00012594975395821054,0.6297487856998452,0.037499427795410156
15.668750762939453,0.6275013506105719,0.006275013365848237,0.00012541896833249123,0.6270948575042047,0.03750038146972656
15.70625114440918,0.6248423790636498,0.006248423650973343,0.00012488818270677189,0.6244409293085642,0.037499427795410156
15.74375057220459,0.6221834751371832,0.006221834612302988,0.00012435741057949175,0.6217870686051213,0.03750038146972656
15.781250953674316,0.6195245035902611,0.006195244897428094,0.00012382662495377244,0.6191331404094809,0.03750038146972656
15.818750381469727,0.6168763793050718,0.006168763655168102,0.00012329798732248283,0.6164899521862602,0.037499427795410156
15.856250762939453,0.6142854785874906,0.006142854648571402,0.0001227806805230585,0.6139034181237972,0.03750038146972656
15.89375114440918,0.6116945778699093,0.0061169456419747,0.00012226337372363418,0.6113168840613343,0.037499427795410156
15.93125057220459,0.6091037430416704,0.006091037294271408,0.00012174608007986823,0.6087304157771649,0.03750038146972656
15.968750953674316,0.6065128423240892,0.006065128287674707,0.00012122877328044392,0.606143881714702,0.03750038146972656
16.006250381469727,0.6039220074958502,0.006039219939971414,0.00012071147963667798,0.6035574134305326,0.03749847412109375
16.043750762939453,0.601331106778269,0.0060133109333747135,0.00012019417283725365,0.6009708793680696,0.03750038146972656
16.081249237060547,0.5987403378393723,0.005987403244564829,0.0001196768923491461,0.5983844768621939,0.03750038146972656
16.118751525878906,0.5961493053431065,0.005961492920181312,0.000119159559238405,0.5957978112431437,0.03750038146972656
16.15625,0.5935585364042099,0.005935585231371427,0.00011864227875029746,0.593211408737268,0.03750038146972656
16.193750381469727,0.5909676356866286,0.005909676224774726,0.00011812497195087313,0.590624874674805,0.03749847412109375
16.231250762939453,0.5883767349690474,0.005883767218178026,0.0001176076651514488,0.588038340612342,0.03750038146972656
16.268749237060547,0.5858572468053829,0.0058585723371045294,0.00011710454614119407,0.585522745497519,0.03750038146972656
16.306251525878906,0.5833587484833289,0.005833587354442448,0.00011660559695872063,0.5830279995221292,0.03750038146972656
16.34375,0.5808605043061557,0.005808604913229117,0.00011610669852888499,0.5805335073099349,0.03750038146972656
16.381250381469727,0.5783621330565422,0.005783621201291411,0.00011560777472273045,0.5780388882161428,0.03749847412109375
16.418750762939453,0.5758637618069286,0.005758637489353705,0.0001151088509165759,0.5755442691223507,0.03750038146972656
16.456249237060547,0.5733655176297553,0.005733655048140373,0.00011460995248674026,0.5730497769101563,0.03750038146972656
16.493751525878906,0.5708670193077015,0.005708670065478293,0.00011411100330426683,0.5705550309347666,0.03750038146972656
16.53125,0.5683687751305282,0.005683687624264961,0.0001136121048744312,0.5680605387225722,0.03750038146972656
16.568750381469727,0.5658704038809146,0.005658703912327255,0.00011311318106827665,0.5655659196287801,0.03749847412109375
16.606250762939453,0.5633720326313011,0.005633720200389549,0.0001126142572621221,0.563071300534988,0.03750038146972656
16.643749237060547,0.5608737884541278,0.0056087377591762175,0.00011211535883228647,0.5605768083227937,0.03750038146972656
16.681251525878906,0.5583786370458926,0.005583786245651575,0.00011161707526973485,0.558085390447097,0.03750038146972656
16.71875,0.5559739921940038,0.005559739797670167,0.00011113679147384378,0.5556839714069768,0.03750038146972656
16.756250381469727,0.5535692250305763,0.0055356921265733985,0.00011065648324846158,0.5532824302193977,0.03749847412109375
16.793750762939453,0.5511644578671487,0.005511644455476631,0.00011017617502307939,0.5508808890318188,0.03750038146972656
16.831249237060547,0.5487598130152599,0.005487598007495222,0.00010969589122718833,0.5484794699916985,0.03750038146972656
16.868751525878906,0.5463549235402937,0.005463549113283095,0.00010921555857231498,0.5460778066566606,0.03750038146972656
16.90625,0.5439502786884048,0.005439502665301687,0.00010873527477642391,0.5436763876165404,0.03749847412109375
16.943748474121094,0.5415456338365161,0.005415456217320279,0.00010825499098053286,0.5412749685764201,0.03750038146972656
16.981250762939453,0.5391407443615498,0.005391407323108151,0.00010777465832565952,0.5388733052413823,0.03750038146972656
17.018749237060547,0.536736099509661,0.005367360875126743,0.00010729437452976847,0.5364718862012621,0.03750038146972656
17.056251525878906,0.5343312100346946,0.005343311980914614,0.00010681404187489511,0.5340702228662242,0.03750038146972656
17.09375,0.5319265651828059,0.005319265532933206,0.00010633375807900404,0.5316688038261039,0.03749847412109375
17.131248474121094,0.529522718528084,0.0052952270669232885,0.00010585363321520923,0.529268179446485,0.03750038146972656
17.168750762939453,0.5272224567377513,0.00527222444953411,0.000105394133379511,0.5269706802099541,0.03750038146972656
17.206249237060547,0.5249224289278672,0.0052492241719493665,0.0001049346802837004,0.5246734146728673,0.03750038146972656
17.243751525878906,0.5226221671375346,0.005226221554560189,0.00010447518044800215,0.5223759154363363,0.03750038146972656
17.28125,0.5203221393276505,0.0052032212769754435,0.00010401572735219158,0.5200786498992497,0.03749847412109375
17.318748474121094,0.5180221115177664,0.0051802209993907,0.00010355627425638099,0.5177813843621629,0.03750038146972656
17.356250762939453,0.5157218497274338,0.005157218382001522,0.00010309677442068274,0.5154838851256319,0.03750038146972656
17.393749237060547,0.5134218219175497,0.005134218104416777,0.00010263732132487216,0.5131866195885453,0.03750038146972656
17.431251525878906,0.5111215601272171,0.005111215487027599,0.00010217782148917391,0.5108891203520143,0.03750038146972656
17.46875,0.5088215323173331,0.0050882152094428555,0.00010171836839336332,0.5085918548149275,0.03749847412109375
17.506248474121094,0.5065215045074489,0.005065214931858111,0.00010125891529755276,0.5062945892778409,0.03750038146972656
17.543750762939453,0.5042212427171163,0.0050422123144689334,0.00010079941546185449,0.5039970900413099,0.03750038146972656
17.581249237060547,0.5019212149072323,0.005019212036884189,0.0001003399623660439,0.5016998245042231,0.03750038146972656
17.618751525878906,0.49969495221079324,0.004996949410417407,9.989520887003492e-05,0.4994760569680011,0.03750038146972656
17.65625,0.49750710129858444,0.0049750709017843415,9.945811008359985e-05,0.4972905629806155,0.03749847412109375
17.693748474121094,0.4953192503863756,0.004953192393151276,9.902101129716477e-05,0.4951050689932299,0.03750038146972656
17.731250762939453,0.4931311769054066,0.004931311658830658,9.85838680449325e-05,0.4929193526768527,0.03750038146972656
17.768749237060547,0.4909433259931978,0.0049094331501975935,9.814676925849743e-05,0.4907338586894671,0.03750038146972656
17.806251525878906,0.4887552525122288,0.004887552415876976,9.770962600626515e-05,0.4885481423730899,0.03750038146972656
17.84375,0.48656740160001993,0.00486567390724391,9.727252721983008e-05,0.4863626483857043,0.03749847412109375
17.881248474121094,0.48437955068781113,0.0048437953986108446,9.683542843339499e-05,0.4841771543983187,0.03750038146972656
17.918750762939453,0.48219147720684213,0.004821914664290227,9.639828518116272e-05,0.4819914380819415,0.03750038146972656
17.956249237060547,0.48000362629463333,0.004800036155657162,9.596118639472765e-05,0.4798059440945559,0.03750038146972656
17.993751525878906,0.47781555281366433,0.004778155421336545,9.552404314249537e-05,0.4776202277781787,0.03750038146972656
18.03125,0.4756277019014555,0.004756276912703479,9.50869443560603e-05,0.4754347337907931,0.03749847412109375
18.068748474121094,0.4734398509892467,0.004734398404070414,9.464984556962522e-05,0.4732492398034075,0.03750038146972656
18.106250762939453,0.4713601012906489,0.004713600907549296,9.423429993547388e-05,0.47117151158016296,0.03750038146972656
18.143749237060547,0.46928452016395433,0.004692845096746279,9.38195855220406e-05,0.46909793946061373,0.03750038146972656
18.181251525878906,0.46720872788963747,0.004672087174467086,9.340482891995896e-05,0.46702415639781736,0.03750038146972656
18.21875,0.4651331467629428,0.004651331363664068,9.299011450652568e-05,0.46495058427826813,0.03749847412109375
18.256248474121094,0.4630575656362482,0.004630575552861051,9.25754000930924e-05,0.4628770121587189,0.03750038146972656
18.293750762939453,0.46098177336193136,0.004609817630581858,9.216064349101076e-05,0.46080322909592253,0.03750038146972656
18.331249237060547,0.4589061922352367,0.00458906181977884,9.17459290775775e-05,0.45872965697637336,0.03750038146972656
18.368751525878906,0.45683039996091984,0.004568303897499647,9.133117247549586e-05,0.456655873913577,0.03750038146972656
18.40625,0.4547548188342252,0.004547548086696629,9.091645806206259e-05,0.45458230179402775,0.03749847412109375
18.443748474121094,0.4526792377075306,0.004526792275893612,9.05017436486293e-05,0.4525087296744785,0.03750038146972656
18.481250762939453,0.45060344543321373,0.004506034353614419,9.008698704654766e-05,0.45043494661168215,0.03750038146972656
18.518749237060547,0.4485278643065191,0.0044852785428114005,8.967227263311439e-05,0.4483613744921329,0.03750038146972656
18.556251525878906,0.4464520720322022,0.004464520620532208,8.925751603103274e-05,0.44628759142933655,0.03750038146972656
18.59375,0.4444892747633136,0.0044448926482820415,8.886530048000494e-05,0.4443265136246566,0.03749847412109375
18.631248474121094,0.44253240713080816,0.00442532397239438,8.847426781166707e-05,0.4423713502335756,0.03750038146972656
18.668750762939453,0.44057534042733304,0.004405753305797068,8.808319536381053e-05,0.44041598794489634,0.03750038146972656
18.706249237060547,0.43861847279482763,0.004386184629909408,8.769216269547265e-05,0.43846082455381535,0.03750038146972656
18.743751525878906,0.43666140609135246,0.004366613963312094,8.730109024761613e-05,0.4365054622651361,0.03750038146972656
18.78125,0.43470453845884705,0.004347045287424435,8.691005757927824e-05,0.4345502988740551,0.03749847412109375
18.818748474121094,0.43274767082634163,0.004327476611536775,8.651902491094037e-05,0.4325951354829741,0.03750038146972656
18.856250762939453,0.43079060412286646,0.004307905944939461,8.612795246308384e-05,0.43063977319429486,0.03750038146972656
18.893749237060547,0.42883373649036105,0.004288337269051801,8.573691979474595e-05,0.4286846098032139,0.03750038146972656
18.931251525878906,0.4268766697868859,0.0042687666024544876,8.534584734688942e-05,0.4267292475145346,0.03750038146972656
18.96875,0.42491980215438047,0.004249197926566827,8.495481467855153e-05,0.42477408412345363,0.03749847412109375
19.006248474121094,0.42296293452187506,0.004229629250679168,8.456378201021365e-05,0.4228189207323726,0.03750038146972656
19.043750762939453,0.4210058678183999,0.004210058584081854,8.417270956235712e-05,0.42086355844369333,0.03750038146972656
19.081249237060547,0.4191154169096065,0.00419115407541647,8.379493089356142e-05,0.4189746650519974,0.03750038146972656
19.118751525878906,0.41727659410522816,0.004172765847783695,8.342745498128968e-05,0.41713728544422257,0.03750038146972656
19.15625,0.41543795834416225,0.004154379490584003,8.306001644831934e-05,0.41530009273295954,0.03749847412109375
19.193748474121094,0.41359932258309634,0.004135993133384311,8.269257791534903e-05,0.41346290002169656,0.03750038146972656
19.231250762939453,0.41176049977871804,0.004117604905751537,8.232510200307729e-05,0.4116255204139217,0.03750038146972656
19.268749237060547,0.4099218640176521,0.0040992185485518445,8.195766347010697e-05,0.4097883277026587,0.03750038146972656
19.306251525878906,0.40808304121327377,0.00408083032091907,8.159018755783521e-05,0.40795094809488386,0.03750038146972656
19.34375,0.40624440545220786,0.004062443963719378,8.12227490248649e-05,0.4061137553836209,0.03749847412109375
19.381248474121094,0.40440576969114195,0.004044057606519686,8.085531049189458e-05,0.40427656267235784,0.03750038146972656
19.418750762939453,0.40256694688676364,0.004025669378886912,8.048783457962283e-05,0.40243918306458304,0.03750038146972656
19.456249237060547,0.40072831112569773,0.00400728302168722,8.01203960466525e-05,0.40060199035332,0.03750038146972656
19.493751525878906,0.39888948832131943,0.003988894794054446,7.975292013438075e-05,0.39876461074554514,0.03750038146972656
19.53125,0.3970508525602535,0.003970508436854754,7.938548160141043e-05,0.39692741803428216,0.03749847412109375
19.568748474121094,0.3952122167991876,0.003952122079655062,7.901804306844011e-05,0.39509022532301913,0.03750038146972656
19.606250762939453,0.39346401307439427,0.003934640042797882,7.866865543118066e-05,0.39334328709259053,0.03750038146972656
19.643749237060547,0.39173861516400155,0.0039173860640796115,7.832382005633286e-05,0.39161911017479517,0.03750038146972656
19.681251525878906,0.39001304172991497,0.0039001303301244416,7.797894960158936e-05,0.3898947578575168,0.03750038146972656
19.71875,0.38828764381952224,0.003882876351406171,7.763411422674156e-05,0.38817058093972145,0.03749847412109375
19.756248474121094,0.38656224590912946,0.0038656223726878996,7.728927885189376e-05,0.3864464040219261,0.03750038146972656
19.793750762939453,0.38483667247504294,0.00384836663873273,7.694440839715025e-05,0.38472205170464774,0.03750038146972656
19.831249237060547,0.3831112745646502,0.003831112660014459,7.659957302230245e-05,0.3829978747868524,0.03750038146972656
19.868751525878906,0.38138570113056364,0.003813856926059289,7.625470256755895e-05,0.381273522469574,0.03750038146972656
19.90625,0.3796603032201709,0.0037966029473410186,7.590986719271115e-05,0.3795493455517787,0.03749847412109375
19.943748474121094,0.37793490530977814,0.003779348968622747,7.556503181786335e-05,0.37782516863398335,0.03750038146972656
19.981250762939453,0.3762093318756916,0.0037620932346675777,7.522016136311985e-05,0.376100816316705,0.03750038146972656
